{
  "hosting": {
    "public": "build",
    "ignore": ["firebase.json", "**/.*", "**/node_modules/**"],
    "rewrites": [
      {
        "source": "**",
        "destination": "/index.html"
      }
    ],
    "redirects": [
      {
        "source": "/",
        "destination": "https://reduction-admin.github.io/react-reduction/",
        "type": 301
      },
      {
        "source": "/**",
        "destination": "https://reduction-admin.github.io/react-reduction/",
        "type": 301
      }
    ]
  }
}
